0x2211a45cdb62764107dc37a131526683f1a5ccf64849ee9064c0f588addefc47,2,14,26,38,50,62,74,82,89,95
0x29b49e0cee906a0c2cc8de0cd3d1da7efff24b569ed4d459485c7292b27880a5,3,15,27,39,51,63,75,83,90,96
0x37707726a32abd54a60963f249762d3483c6b4b56354463cc1b9234b10f62816,4,16,28,40,52,64,76,84,91,97
0x73797374656d3a626c6f636b5f7265776172645f726573657276655f64696400,5,17,29,41,53,65,77,85,92,98
0x73797374656d3a74726561737572795f6d6f64756c655f646964000000000000,6,18,30,42,54,66,78,86,93
0x87974647a223513f338c8273312bd5977096249149688f6446df4fad1a298fc7,7,19,31,43,55,67,79,87
0x8db1e3459ccbd046c1df5093108c51018f1266e2c4c54e4def733bdefe762407,8,20,32,44,56,68,80
0xb46dd99c8e34c4911cac63a23e926b31ec776ef476607912de388bfb21896ddf,9,21,33,45,57,69
0xc08e8685c580959bed43405752333bc11f8e23bd12afd74a667cd9a098713171,10,22,34,46,58
0xdfa1bc65da6a5dbe0ae24731ddf7ed116747a6971c41c1747d30dc67227e2a2d,11,23,35,47,59,71
0xfa8a391d1490a5f9094a904b5508da87c5fe1d9daaa1ad1e4451990c036994c2,12,24,36,48,60,72